Afghanistan,..,..,..,..,..,..,..,..,..,..,..,..,..,..,..,..,..,33.70,..,..,..,38.30,..,..,..,..,54.50,..,..
Albania,..,..,..,..,..,..,..,..,..,..,..,..,25.40,..,..,18.50,..,..,12.40,..,..,..,14.30,..,..,..,..,..,..
Algeria,..,..,..,..,..,..,..,..,..,..,..,..,..,..,..,..,..,..,..,..,..,5.50,..,..,..,..,..,..,..
American Samoa,..,..,..,..,..,..,..,..,..,..,..,..,..,..,..,..,..,..,..,..,..,..,..,..,..,..,..,..,..
Andorra,..,..,..,..,..,..,..,..,..,..,..,..,..,..,..,..,..,..,..,..,..,..,..,..,..,..,..,..,..
Angola,..,..,..,..,..,..,..,..,..,..,..,..,..,..,..,..,..,..,36.60,..,..,..,..,..,..,..,..,..,..
Antigua and Barbuda,..,..,..,..,..,..,..,..,..,..,..,..,..,..,..,..,..,..,..,..,..,..,..,..,..,..,..,..,..
Argentina,..,..,..,..,..,..,..,..,..,..,..,..,..,..,..,..,..,..,..,..,..,..,..,..,..,..,30.30,25.70,32.00
Armenia,..,..,..,..,..,..,..,..,..,..,..,..,..,..,53.50,40.10,30.20,26.40,27.60,34.10,35.80,35.00,32.40,32.00,30.00,29.80,29.40,25.70,23.50
Aruba,..,..,..,..,..,..,..,..,..,..,..,..,..,..,..,..,..,..,..,..,..,..,..,..,..,..,..,..,..
Australia,..,..,..,..,..,..,..,..,..,..,..,..,..,..,..,..,..,..,..,..,..,..,..,..,..,..,..,..,..
Austria,..,..,..,..,..,..,..,..,..,..,..,..,..,..,..,..,..,..,..,..,..,..,..,..,..,..,..,..,..
Azerbaijan,..,..,..,..,..,..,..,..,..,..,..,49.60,..,..,..,..,..,15.80,13.20,10.90,9.10,7.60,6.00,..,..,..,..,..,..
"Bahamas, The",..,..,..,..,..,..,..,..,..,..,..,..,..,..,..,..,..,..,..,..,..,..,..,..,..,..,..,..,..
Bahrain,..,..,..,..,..,..,..,..,..,..,..,..,..,..,..,..,..,..,..,..,..,..,..,..,..,..,..,..,..
Bangladesh,..,..,..,..,..,..,..,..,..,..,48.90,..,..,..,..,40.00,..,..,..,..,31.50,..,..,..,..,..,24.30,..,..
Barbados,..,..,..,..,..,..,..,..,..,..,..,..,..,..,..,..,..,..,..,..,..,..,..,..,..,..,..,..,..
Belarus,..,..,..,..,..,..,..,..,..,..,41.90,28.90,30.50,27.10,17.80,12.70,11.10,7.70,6.10,5.40,5.20,7.30,6.30,5.50,4.80,5.10,5.70,5.90,5.60
Belgium,..,..,..,..,..,..,..,..,..,..,..,..,..,..,..,..,..,..,..,..,..,..,..,..,..,..,..,..,..
Belize,..,..,..,..,..,..,..,..,..,..,..,..,..,..,..,..,..,..,..,..,..,..,..,..,..,..,..,..,..
Benin,..,..,..,..,..,..,..,..,..,..,..,..,..,..,..,..,37.50,33.00,..,..,35.20,36.20,..,..,..,40.10,..,..,..
Bermuda,..,..,..,..,..,..,..,..,..,..,..,..,..,..,..,..,..,..,..,..,..,..,..,..,..,..,..,..,..
Bhutan,..,..,..,..,..,..,..,..,..,..,..,..,..,..,..,..,..,23.20,..,..,..,..,12.00,..,..,..,..,8.20,..
Bolivia,..,..,..,..,..,..,..,..,..,..,66.40,63.10,63.30,..,63.10,59.60,59.90,60.10,57.30,51.30,..,45.10,43.30,38.90,39.10,38.60,39.50,36.40,34.60
Bosnia and Herzegovina,..,..,..,..,..,..,..,..,..,..,..,..,..,..,..,..,..,18.20,..,..,..,17.90,..,..,..,16.90,..,..,..
Botswana,..,..,..,32.90,..,..,..,..,..,..,..,..,30.60,..,..,..,..,..,..,19.30,..,..,..,..,..,..,..,..,..
Brazil,..,..,..,..,..,..,..,..,..,..,..,..,..,..,..,..,..,..,..,..,..,..,..,..,..,..,..,..,..
British Virgin Islands,..,..,..,..,..,..,..,..,..,..,..,..,..,..,..,..,..,..,..,..,..,..,..,..,..,..,..,..,..
Brunei Darussalam,..,..,..,..,..,..,..,..,..,..,..,..,..,..,..,..,..,..,..,..,..,..,..,..,..,..,..,..,..
Bulgaria,..,..,..,..,..,..,..,..,..,..,..,..,..,..,..,..,..,..,..,..,..,..,..,..,..,22.90,23.40,22.00,..
Burkina Faso,..,..,..,..,..,..,..,..,..,..,..,..,..,51.10,..,..,..,..,..,46.70,..,..,..,..,40.10,..,..,..,..
Burundi,..,..,..,..,..,..,..,..,..,..,..,..,..,..,..,..,67.10,..,..,..,..,..,..,64.90,..,..,..,..,..
Cabo Verde,..,..,..,..,..,..,..,..,..,..,..,58.00,..,..,..,..,..,46.00,..,..,..,..,..,..,..,35.00,..,..,..
Cambodia,..,..,..,..,..,..,..,..,..,..,..,..,..,50.20,..,..,45.00,..,34.00,23.90,22.10,20.50,17.70,..,..,..,..,..,..
Cameroon,..,..,..,..,..,..,53.30,..,..,..,..,40.20,..,..,..,..,..,39.90,..,..,..,..,..,..,37.50,..,..,..,..
Canada,..,..,..,..,..,..,..,..,..,..,..,..,..,..,..,..,..,..,..,..,..,..,..,..,..,..,..,..,..
Cayman Islands,..,..,..,..,..,..,..,..,..,..,..,..,..,..,..,..,..,..,..,..,..,..,..,..,..,..,..,..,..
Central African Republic,..,..,..,..,..,..,..,..,..,..,..,..,..,..,..,..,..,..,62.00,..,..,..,..,..,..,..,..,..,..
Chad,..,..,..,..,..,..,..,..,..,..,..,..,54.80,..,..,..,..,..,..,..,..,46.70,..,..,..,..,..,..,..
Channel Islands,..,..,..,..,..,..,..,..,..,..,..,..,..,..,..,..,..,..,..,..,..,..,..,..,..,..,..,..,..
Chile,..,..,..,..,..,..,..,..,..,..,36.00,..,..,35.40,..,..,29.10,..,..,25.30,..,22.20,..,14.40,..,11.70,..,8.60,..
China,..,..,..,..,..,..,..,..,..,..,..,..,..,..,..,..,..,..,..,..,..,..,..,8.50,7.20,5.70,4.50,3.10,1.70
Colombia,..,..,..,..,..,..,..,..,..,..,..,..,49.70,48.00,47.40,45.00,..,..,42.00,40.30,37.20,34.10,32.70,30.60,28.50,27.80,28.00,26.90,27.00
Comoros,..,..,..,..,..,..,..,..,..,..,..,..,..,..,44.80,..,..,..,..,..,..,..,..,42.40,..,..,..,..,..
"Congo, Dem. Rep.",..,..,..,..,..,..,..,..,..,..,..,..,..,..,69.30,..,..,..,..,..,..,..,63.90,..,..,..,..,..,..
"Congo, Rep.",..,..,..,..,..,..,..,..,..,..,..,..,..,..,..,50.70,..,..,..,..,..,40.90,..,..,..,..,..,..,..
Costa Rica,..,..,..,..,..,..,..,..,..,..,..,..,..,..,..,..,..,..,..,..,..,21.70,20.60,20.70,22.40,21.70,20.50,20.00,21.10
Cote d'Ivoire,..,..,..,..,..,..,..,..,..,..,..,..,38.40,..,..,..,..,..,48.90,..,..,..,..,..,..,46.30,..,..,..
Croatia,..,..,..,..,..,..,..,..,..,..,..,..,..,..,..,..,..,..,..,20.60,20.90,20.40,19.50,19.40,20.00,19.50,20.00,19.40,..
Cuba,..,..,..,..,..,..,..,..,..,..,..,..,..,..,..,..,..,..,..,..,..,..,..,..,..,..,..,..,..
Curacao,..,..,..,..,..,..,..,..,..,..,..,..,..,..,..,..,..,..,..,..,..,..,..,..,..,..,..,..,..
Cyprus,..,..,..,..,..,..,..,..,..,..,..,..,..,..,..,..,..,..,..,..,..,..,..,..,..,..,..,..,..
Czech Republic,..,..,..,..,..,..,..,..,..,..,..,..,..,..,10.40,9.90,9.60,9.00,8.60,9.00,9.80,9.60,8.60,9.70,..,..,..,..,..
Denmark,..,..,..,..,..,..,..,..,..,..,..,..,..,..,..,..,..,..,..,..,..,..,..,..,..,..,..,..,..
Djibouti,..,..,..,..,..,..,..,..,..,..,..,..,..,..,..,..,..,..,..,..,..,..,..,..,..,..,..,21.10,..
Dominica,..,..,..,..,..,..,..,..,..,..,..,..,..,..,..,..,..,..,..,..,..,..,..,..,..,..,..,..,..
Dominican Republic,..,..,..,..,..,..,..,..,..,..,..,..,..,..,..,..,..,..,..,..,..,..,..,..,..,..,..,25.60,22.80
Ecuador,..,..,..,..,..,..,..,..,..,..,..,..,..,..,..,..,..,36.70,35.10,36.00,32.80,28.60,27.30,25.60,22.50,23.30,22.90,21.50,23.20
"Egypt, Arab Rep.",..,..,..,..,..,..,..,..,..,16.70,..,..,..,..,19.60,..,..,..,21.60,..,25.20,..,26.30,..,..,27.80,..,32.50,..
El Salvador,..,..,..,..,..,..,..,..,..,..,..,..,..,..,..,..,..,..,40.00,37.80,36.50,40.60,34.50,29.60,31.80,34.90,32.70,29.20,..
Equatorial Guinea,..,..,..,..,..,..,..,..,..,..,..,..,..,..,..,..,76.80,..,..,..,..,..,..,..,..,..,..,..,..
Eritrea,..,..,..,69.00,..,..,..,..,..,..,..,..,..,..,..,..,..,..,..,..,..,..,..,..,..,..,..,..,..
Estonia,..,..,..,..,..,..,..,..,..,..,..,..,..,..,..,..,..,..,..,..,..,..,..,21.80,..,..,..,..,..
Ethiopia,..,..,..,..,..,45.50,..,..,..,44.20,..,..,..,..,38.70,..,..,..,..,..,29.60,..,..,..,..,23.50,..,..,..
Faroe Islands,..,..,..,..,..,..,..,..,..,..,..,..,..,..,..,..,..,..,..,..,..,..,..,..,..,..,..,..,..
Fiji,..,..,..,..,..,..,..,..,..,..,..,..,39.80,..,..,..,..,..,35.20,..,..,..,..,34.00,..,..,..,..,..
Finland,..,..,..,..,..,..,..,..,..,..,..,..,..,..,..,..,..,..,..,..,..,..,..,..,..,..,..,..,..
France,..,..,..,..,..,..,..,..,..,..,..,..,..,..,..,..,..,..,..,..,..,..,..,..,..,..,..,..,..
French Polynesia,..,..,..,..,..,..,..,..,..,..,..,..,..,..,..,..,..,..,..,..,..,..,..,..,..,..,..,..,..
Gabon,..,..,..,..,..,..,..,..,..,..,..,..,..,..,..,32.70,..,..,..,..,..,..,..,..,..,..,..,33.40,..
"Gambia, The",..,..,..,..,..,..,..,..,..,..,..,..,..,..,..,..,..,..,..,..,48.10,..,..,..,..,48.60,..,..,..
Georgia,..,..,..,..,..,..,..,..,..,..,..,..,..,..,34.30,35.40,36.90,38.80,34.90,34.90,37.30,34.10,30.00,26.20,23.50,21.60,22.00,21.90,20.10
Germany,..,..,..,..,..,..,..,..,..,..,..,..,..,..,..,..,..,..,..,..,..,..,..,..,..,..,..,..,..
Ghana,..,..,..,..,..,..,..,..,..,..,..,..,..,..,..,31.90,..,..,..,..,..,..,24.20,..,..,..,23.40,..,..
Gibraltar,..,..,..,..,..,..,..,..,..,..,..,..,..,..,..,..,..,..,..,..,..,..,..,..,..,..,..,..,..
Greece,..,..,..,..,..,..,..,..,..,..,..,..,..,..,..,..,..,..,..,..,..,..,..,..,..,..,..,..,..
Greenland,..,..,..,..,..,..,..,..,..,..,..,..,..,..,..,..,..,..,..,..,..,..,..,..,..,..,..,..,..
Grenada,..,..,..,..,..,..,..,..,..,..,..,..,..,..,..,..,..,..,..,..,..,..,..,..,..,..,..,..,..
Guam,..,..,..,..,..,..,..,..,..,..,..,..,..,..,..,..,..,..,..,..,..,..,..,..,..,..,..,..,..
Guatemala,..,..,..,..,..,..,..,..,..,..,56.00,..,..,..,..,..,51.00,..,..,..,..,..,..,..,59.30,..,..,..,..
Guinea,..,..,..,..,62.60,..,..,..,..,..,..,..,55.40,..,..,..,..,53.00,..,..,..,..,55.20,..,..,..,..,..,..
Guinea-Bissau,..,..,..,..,..,..,..,..,..,..,..,..,64.70,..,..,..,..,..,..,..,69.30,..,..,..,..,..,..,..,..
Guyana,..,..,..,..,..,..,..,..,..,..,..,..,..,..,..,..,..,..,..,..,..,..,..,..,..,..,..,..,..
Haiti,..,..,..,..,..,..,..,..,..,..,..,..,..,..,..,..,..,..,..,..,..,..,58.50,..,..,..,..,..,..
Honduras,..,..,..,..,..,..,..,..,..,..,..,..,..,..,..,..,..,..,..,..,..,..,..,..,50.20,52.20,49.70,49.80,48.30
"Hong Kong SAR, China",..,..,..,..,..,..,..,..,..,..,..,..,..,..,..,..,..,..,..,..,..,..,..,..,..,..,..,..,..
Hungary,..,..,..,..,..,..,..,..,..,..,..,..,..,..,13.50,15.90,12.30,12.40,12.40,12.30,14.10,14.30,15.00,15.00,14.90,..,..,..,..
Iceland,..,..,..,..,..,..,..,..,..,..,..,..,..,..,..,..,..,..,..,..,..,..,..,..,..,..,..,..,..
India,..,..,..,45.30,..,..,..,..,..,..,..,..,..,..,37.20,..,..,..,..,29.80,..,21.90,..,..,..,..,..,..,..
Indonesia,..,..,..,..,..,..,..,..,..,..,19.10,18.40,18.20,17.40,16.70,16.00,17.80,16.60,15.40,14.10,13.30,12.50,12.00,11.40,11.30,11.20,10.90,10.60,9.80
"Iran, Islamic Rep.",..,..,..,..,..,..,..,..,..,..,..,..,..,..,..,..,..,..,..,..,..,..,..,..,..,..,..,..,..
Iraq,..,..,..,..,..,..,..,..,..,..,..,..,..,..,..,..,22.40,..,..,..,..,..,18.90,..,..,..,..,..,..
Ireland,..,..,..,..,..,..,..,..,..,..,..,..,..,..,..,..,..,..,..,..,..,..,..,..,..,..,..,..,..
Isle of Man,..,..,..,..,..,..,..,..,..,..,..,..,..,..,..,..,..,..,..,..,..,..,..,..,..,..,..,..,..
Israel,..,..,..,..,..,..,..,..,..,..,..,..,..,..,..,..,..,..,..,..,..,..,..,..,..,..,..,..,..
Italy,..,..,..,..,..,..,..,..,..,..,..,..,..,..,..,..,..,..,..,..,..,..,..,..,..,..,..,..,..
Jamaica,28.40,44.60,33.90,24.40,22.80,27.50,26.10,19.90,15.90,16.90,18.70,16.90,19.70,19.10,16.90,14.80,14.30,9.90,12.30,16.50,17.60,..,19.90,..,..,..,..,..,..
Japan,..,..,..,..,..,..,..,..,..,..,..,..,..,..,..,..,..,..,..,..,..,..,..,..,..,..,..,..,..
Jordan,..,..,..,..,..,..,..,..,..,..,..,..,..,..,..,..,..,..,13.30,..,14.40,..,..,..,..,..,..,..,..
Kazakhstan,..,..,..,..,..,..,..,..,..,..,..,46.70,44.50,37.50,33.90,31.60,18.20,12.70,12.10,8.20,6.50,5.50,3.80,2.90,2.80,2.70,2.50,2.50,..
Kenya,..,..,..,..,..,..,..,..,..,..,..,..,..,..,..,46.80,..,..,..,..,..,..,..,..,..,36.10,..,..,..
Kiribati,..,..,..,..,..,..,..,..,..,..,..,..,..,..,..,..,21.80,..,..,..,..,..,..,..,..,..,..,..,..
"Korea, Dem. People’s Rep.",..,..,..,..,..,..,..,..,..,..,..,..,..,..,..,..,..,..,..,..,..,..,..,..,..,..,..,..,..
"Korea, Rep.",..,..,..,..,..,..,..,..,..,..,..,..,..,..,..,..,..,..,..,..,..,..,..,..,..,..,..,..,..
Kosovo,..,..,..,..,..,..,..,..,..,..,..,..,..,..,..,..,..,..,..,..,..,..,22.90,17.60,21.10,17.60,..,..,..
Kuwait,..,..,..,..,..,..,..,..,..,..,..,..,..,..,..,..,..,..,..,..,..,..,..,..,..,..,..,..,..
Kyrgyz Republic,..,..,..,..,..,..,..,..,..,..,..,..,..,..,..,..,39.90,35.00,31.70,31.70,33.70,36.80,38.00,37.00,30.60,32.10,25.40,25.60,22.40
Lao PDR,..,..,..,..,..,..,..,39.10,..,..,..,..,33.50,..,..,..,..,27.60,..,..,..,..,23.40,..,..,..,..,..,..
Latvia,..,..,..,..,..,..,..,..,..,..,..,..,..,..,19.40,23.50,21.20,25.90,26.40,20.90,19.00,19.20,19.40,21.20,22.50,..,..,..,..
Lebanon,..,..,..,..,..,..,..,..,..,..,..,..,..,..,..,..,..,..,..,..,..,..,27.40,..,..,..,..,..,..
Lesotho,..,..,..,..,..,..,..,..,..,..,..,..,56.60,..,..,..,..,..,..,..,..,..,..,..,..,..,..,49.70,..
Liberia,..,..,..,..,..,..,..,..,..,..,..,..,..,..,..,..,..,63.80,..,..,..,..,..,..,54.10,..,50.90,..,..
Libya,..,..,..,..,..,..,..,..,..,..,..,..,..,..,..,..,..,..,..,..,..,..,..,..,..,..,..,..,..
Liechtenstein,..,..,..,..,..,..,..,..,..,..,..,..,..,..,..,..,..,..,..,..,..,..,..,..,..,..,..,..,..
Lithuania,..,..,..,..,..,..,..,..,..,..,..,..,..,..,20.50,20.00,19.10,20.90,20.30,20.50,19.20,18.60,20.60,19.10,22.20,..,..,..,..
Luxembourg,..,..,..,..,..,..,..,..,..,..,..,..,..,..,..,..,..,..,..,..,..,..,..,..,..,..,..,..,..
"Macao SAR, China",..,..,..,..,..,..,..,..,..,..,..,..,..,..,..,..,..,..,..,..,..,..,..,..,..,..,..,..,..
North Macedonia,..,..,..,..,..,..,..,..,..,..,..,..,..,..,..,..,..,..,..,..,27.00,26.80,26.20,24.20,22.10,21.50,21.90,22.20,21.90
Madagascar,..,..,..,..,..,..,..,..,..,..,..,70.80,..,..,..,73.20,..,..,..,..,71.70,..,70.70,..,..,..,..,..,..
Malawi,..,..,..,..,..,..,..,65.30,..,..,..,..,..,..,52.40,..,..,..,..,..,50.70,..,..,..,..,..,51.50,..,..
Malaysia,..,..,..,..,..,..,..,..,..,..,..,..,5.10,..,5.70,..,3.60,..,3.80,..,..,1.70,..,0.60,..,0.40,..,..,..
Maldives,..,..,..,..,..,..,..,..,..,..,..,..,..,..,..,..,..,..,..,..,..,..,..,..,..,..,8.20,..,..
Mali,..,..,..,..,..,..,..,..,..,..,..,50.90,..,..,..,..,41.70,..,..,41.10,..,..,..,..,..,..,..,..,..
Malta,..,..,..,..,..,..,..,..,..,..,..,..,..,..,..,..,..,..,..,..,..,..,..,..,..,..,..,..,..
Marshall Islands,..,..,..,..,..,..,..,..,..,..,..,..,..,..,..,..,..,..,..,..,..,..,..,..,..,..,..,..,..
Mauritania,..,..,..,..,..,..,..,..,..,..,51.00,..,..,..,46.70,..,..,..,42.00,..,..,..,..,..,31.00,..,..,..,..
Mauritius,..,..,..,..,..,..,..,..,..,..,..,..,..,..,..,..,..,..,..,..,..,..,7.90,..,..,..,..,10.30,..
Mexico,..,..,..,..,..,..,..,..,..,..,..,..,..,..,..,..,..,..,..,..,..,..,..,..,..,..,43.60,..,41.90
"Micronesia, Fed. Sts.",..,..,..,..,..,..,..,..,..,..,..,..,..,..,..,29.90,..,..,..,..,..,..,..,41.20,..,..,..,..,..
Moldova,..,..,..,..,..,..,..,..,..,..,..,54.60,40.40,29.00,26.50,..,30.20,25.80,26.40,26.30,21.90,17.50,16.60,12.70,11.40,9.60,..,..,..
Monaco,..,..,..,..,..,..,..,..,..,..,..,..,..,..,..,..,..,..,..,..,..,..,..,..,..,..,..,..,..
Mongolia,..,..,..,..,..,..,..,..,..,..,..,..,..,..,..,..,..,..,..,..,38.80,33.70,27.40,..,21.60,..,29.60,..,28.40
Montenegro,..,..,..,..,..,..,..,..,..,..,..,..,..,..,..,..,..,..,..,..,..,..,25.20,24.10,24.40,24.00,23.60,..,..
Morocco,..,..,..,..,..,..,..,..,16.30,..,15.30,..,..,..,..,..,..,8.90,..,..,..,..,..,4.80,..,..,..,..,..
Mozambique,..,..,..,..,..,..,69.40,..,..,..,..,..,54.10,..,..,..,..,..,54.70,..,..,..,..,..,46.10,..,..,..,..
Myanmar,..,..,..,..,..,..,..,..,..,..,..,..,..,..,..,48.20,..,..,..,..,42.20,..,..,..,..,32.10,..,24.80,..
Namibia,..,..,..,69.30,..,..,..,..,..,..,..,..,..,37.70,..,..,..,..,..,28.70,..,..,..,..,..,17.40,..,..,..
Nauru,..,..,..,..,..,..,..,..,..,..,..,..,..,..,..,..,..,..,..,..,..,..,..,..,..,..,..,..,..
Nepal,..,..,..,..,..,..,..,..,..,..,..,..,..,..,..,..,..,..,..,..,25.20,..,..,..,..,..,..,..,..
Netherlands,..,..,..,..,..,..,..,..,..,..,..,..,..,..,..,..,..,..,..,..,..,..,..,..,..,..,..,..,..
New Caledonia,..,..,..,..,..,..,..,..,..,..,..,..,..,..,..,..,..,..,..,..,..,..,..,..,..,..,..,..,..
New Zealand,..,..,..,..,..,..,..,..,..,..,..,..,..,..,..,..,..,..,..,..,..,..,..,..,..,..,..,..,..
Nicaragua,..,..,..,..,..,..,..,..,..,..,..,45.80,..,..,..,48.30,..,..,..,42.50,..,..,..,..,29.60,..,24.90,..,..
Niger,..,..,..,..,..,..,..,..,..,..,..,..,..,..,..,..,..,..,..,..,..,48.90,..,..,44.50,..,..,..,..
Nigeria,..,..,..,..,..,..,..,..,..,..,..,..,..,48.40,..,..,..,..,..,46.00,..,..,..,..,..,..,..,..,..
Northern Mariana Islands,..,..,..,..,..,..,..,..,..,..,..,..,..,..,..,..,..,..,..,..,..,..,..,..,..,..,..,..,..
Norway,..,..,..,..,..,..,..,..,..,..,..,..,..,..,..,..,..,..,..,..,..,..,..,..,..,..,..,..,..
Oman,..,..,..,..,..,..,..,..,..,..,..,..,..,..,..,..,..,..,..,..,..,..,..,..,..,..,..,..,..
Pakistan,..,..,..,..,..,..,..,..,57.90,..,..,64.30,..,..,51.70,50.40,..,44.10,..,..,36.80,36.30,..,29.50,..,24.30,..,..,..
Palau,..,..,..,..,..,..,..,..,..,..,..,..,..,..,..,..,24.90,..,..,..,..,..,..,..,..,..,..,..,..
Panama,..,..,..,..,..,..,..,..,..,..,37.90,..,..,..,..,36.60,38.30,36.50,33.80,33.40,29.80,27.60,26.50,25.80,25.60,23.00,22.10,..,..
Papua New Guinea,..,..,..,..,..,..,..,..,..,..,..,..,..,..,..,..,..,..,..,39.90,..,..,..,..,..,..,..,..,..
Paraguay,..,..,..,..,..,..,..,..,..,..,..,..,57.70,51.40,48.80,44.90,48.90,45.30,43.20,41.60,39.00,37.00,31.40,28.00,27.20,26.60,28.90,26.40,24.20
Peru,..,..,..,..,..,..,..,..,..,..,..,..,..,..,58.70,55.60,49.20,42.40,37.30,33.50,30.80,27.80,25.80,23.90,22.70,21.80,20.70,21.70,20.50
Philippines,..,..,..,..,..,..,..,..,..,..,..,..,..,24.90,..,..,26.60,..,..,26.30,..,..,25.20,..,..,21.60,..,..,..
Poland,..,..,..,..,..,..,..,..,..,..,..,..,..,..,20.50,19.10,17.30,16.90,17.10,17.60,17.70,17.10,17.30,17.00,17.60,17.30,15.00,14.80,15.40
Portugal,..,..,..,..,..,..,..,..,..,..,..,..,..,..,..,..,..,..,..,..,..,..,..,..,..,..,..,..,..
Puerto Rico,..,..,..,..,..,..,..,..,..,..,..,..,..,..,..,..,..,..,..,..,..,..,..,..,..,..,..,..,..
Qatar,..,..,..,..,..,..,..,..,..,..,..,..,..,..,..,..,..,..,..,..,..,..,..,..,..,..,..,..,..
Romania,..,..,..,..,..,..,..,..,..,..,..,..,..,..,..,..,24.60,23.60,22.10,21.60,22.30,22.90,23.00,25.10,25.40,25.30,23.60,23.60,..
Russian Federation,..,..,..,..,..,..,..,..,..,..,29.00,..,24.60,20.30,17.60,17.80,15.20,13.30,13.40,13.00,12.50,12.70,10.70,10.80,11.20,13.30,13.30,13.20,12.90
Rwanda,..,..,..,..,..,..,..,..,..,..,..,..,..,..,..,..,..,..,..,..,..,..,..,39.10,..,..,38.20,..,..
Samoa,..,..,..,..,..,..,..,..,..,..,..,..,..,..,..,..,..,..,26.90,..,..,..,..,20.30,..,..,..,..,..
San Marino,..,..,..,..,..,..,..,..,..,..,..,..,..,..,..,..,..,..,..,..,..,..,..,..,..,..,..,..,..
Sao Tome and Principe,..,..,..,..,..,..,..,..,..,..,68.30,..,..,..,..,..,..,..,..,..,66.20,..,..,..,..,..,..,..,..
Saudi Arabia,..,..,..,..,..,..,..,..,..,..,..,..,..,..,..,..,..,..,..,..,..,..,..,..,..,..,..,..,..
Senegal,..,..,..,..,..,..,..,..,..,..,..,55.20,..,..,..,48.30,..,..,..,..,..,46.70,..,..,..,..,..,..,..
Serbia,..,..,..,..,..,..,..,..,..,..,..,..,..,..,..,..,..,..,..,..,..,..,24.50,25.00,26.70,25.90,25.70,24.30,..
Seychelles,..,..,..,..,..,..,..,..,..,..,..,..,..,..,..,..,..,..,..,..,..,..,..,39.30,..,..,..,..,..
Sierra Leone,..,..,..,..,..,..,..,..,..,..,..,..,..,66.40,..,..,..,..,..,..,..,52.90,..,..,..,..,..,..,..
Singapore,..,..,..,..,..,..,..,..,..,..,..,..,..,..,..,..,..,..,..,..,..,..,..,..,..,..,..,..,..
Sint Maarten (Dutch part),..,..,..,..,..,..,..,..,..,..,..,..,..,..,..,..,..,..,..,..,..,..,..,..,..,..,..,..,..
Slovak Republic,..,..,..,..,..,..,..,..,..,..,..,..,..,..,13.30,11.60,10.60,10.90,11.00,12.00,13.00,13.20,12.80,12.60,..,..,..,..,..
Slovenia,..,..,..,..,..,..,..,..,..,..,..,..,..,..,12.20,11.60,11.50,12.30,11.30,12.70,13.60,13.50,14.50,14.50,14.30,..,..,..,..
Solomon Islands,..,..,..,..,..,..,..,..,..,..,..,..,..,..,..,22.70,..,..,..,..,..,..,..,12.70,..,..,..,..,..
Somalia,..,..,..,..,..,..,..,..,..,..,..,..,..,..,..,..,..,..,..,..,..,..,..,..,..,..,..,..,..
South Africa,..,..,..,..,..,..,..,..,..,..,..,..,..,..,..,66.60,..,..,62.10,..,53.20,..,..,..,55.50,..,..,..,..
South Sudan,..,..,..,..,..,..,..,..,..,..,..,..,..,..,..,..,..,..,..,50.60,..,..,50.10,..,55.10,65.60,82.30,..,..
Spain,..,..,..,..,..,..,..,..,..,..,..,..,..,..,..,..,..,..,..,..,..,..,..,..,..,..,..,..,..
Sri Lanka,..,..,..,..,..,..,..,..,..,..,..,..,22.70,..,..,..,15.20,..,..,8.90,..,..,6.70,..,..,..,4.10,..,..
St. Kitts and Nevis,..,..,..,..,..,..,..,..,..,..,..,..,..,..,..,..,..,..,..,..,..,..,..,..,..,..,..,..,..
St. Lucia,..,..,..,..,..,..,..,..,..,..,..,..,..,..,..,..,..,..,..,..,..,..,..,..,..,..,25.00,..,..
St. Martin (French part),..,..,..,..,..,..,..,..,..,..,..,..,..,..,..,..,..,..,..,..,..,..,..,..,..,..,..,..,..
St. Vincent and the Grenadines,..,..,..,..,..,..,..,..,..,..,..,..,..,..,..,..,..,..,..,..,..,..,..,..,..,..,..,..,..
Sudan,..,..,..,..,..,..,..,..,..,..,..,..,..,..,..,..,..,..,..,46.50,..,..,..,..,..,..,..,..,..
Suriname,..,..,..,..,..,..,..,..,..,..,..,..,..,..,..,..,..,..,..,..,..,..,..,..,..,..,..,..,..
Eswatini,..,..,..,..,..,..,..,..,..,..,..,69.00,..,..,..,..,..,..,..,63.00,..,..,..,..,..,..,..,58.90,..
Sweden,..,..,..,..,..,..,..,..,..,..,..,..,..,..,..,..,..,..,..,..,..,..,..,..,..,..,..,..,..
Switzerland,..,..,..,..,..,..,..,..,..,..,..,..,..,..,..,..,..,..,..,..,..,..,..,..,..,..,..,..,..
Syrian Arab Republic,..,..,..,..,..,..,..,..,..,..,..,..,..,..,30.10,..,..,35.20,..,..,..,..,..,..,..,..,..,..,..
Tajikistan,..,..,..,..,..,..,..,..,..,..,..,..,..,..,..,..,..,..,..,..,..,..,..,34.30,32.00,31.30,30.30,29.50,27.40
Tanzania,..,..,..,..,..,..,..,..,..,..,35.60,..,..,..,..,..,..,34.40,..,..,..,28.20,..,..,..,..,..,..,26.40
Thailand,..,..,..,..,..,..,..,..,..,..,42.30,..,32.40,..,26.80,..,21.90,20.00,20.40,17.90,16.40,13.20,12.60,10.90,10.50,7.20,8.60,7.90,9.90
Timor-Leste,..,..,..,..,..,..,..,..,..,..,..,36.30,..,..,..,..,..,50.40,..,..,..,..,..,..,41.80,..,..,..,..
Togo,..,..,..,..,..,..,..,..,..,..,..,..,..,..,..,..,61.70,..,..,..,..,58.70,..,..,..,55.10,..,..,..
Tonga,..,..,..,..,..,..,..,..,..,..,..,16.20,..,..,..,..,..,..,..,22.50,..,..,..,..,..,..,..,..,..
Trinidad and Tobago,..,..,..,..,..,..,..,..,..,..,..,..,..,..,..,..,..,..,..,..,..,..,..,..,..,..,..,..,..
Tunisia,..,..,..,..,..,..,..,..,..,..,25.40,..,..,..,..,23.10,..,..,..,..,20.50,..,..,..,..,15.20,..,..,..
Turkey,..,..,..,..,..,..,..,..,..,..,..,..,..,..,..,18.60,16.30,16.70,17.10,16.90,16.10,16.30,15.00,15.00,14.70,14.30,13.50,13.90,..
Turkmenistan,..,..,..,..,..,..,..,..,..,..,..,..,..,..,..,..,..,..,..,..,..,..,..,..,..,..,..,..,..
Turks and Caicos Islands,..,..,..,..,..,..,..,..,..,..,..,..,..,..,..,..,..,..,..,..,..,..,..,..,..,..,..,..,..
Tuvalu,..,..,..,..,..,..,..,..,..,..,..,..,..,..,..,..,..,..,..,..,26.30,..,..,..,..,..,..,..,..
Uganda,..,..,56.40,..,..,..,44.40,..,..,33.80,..,..,38.80,..,..,31.10,..,..,..,24.50,..,..,19.70,..,..,..,21.40,..,..
Ukraine,..,..,..,..,..,..,..,..,..,..,..,..,83.30,76.20,65.60,55.30,49.70,12.70,7.10,5.80,8.60,7.80,9.00,8.30,8.60,6.40,3.80,2.40,1.30
United Arab Emirates,..,..,..,..,..,..,..,..,..,..,..,..,..,..,..,..,..,..,..,..,..,..,..,..,..,..,..,..,..
United Kingdom,..,..,..,..,..,..,..,..,..,..,..,..,..,..,..,..,..,..,..,..,..,..,..,..,..,..,..,..,..
United States,..,..,..,..,..,..,..,..,..,..,..,..,..,..,..,..,..,..,..,..,..,..,..,..,..,..,..,..,..
Uruguay,..,..,..,..,..,..,..,..,..,..,..,..,..,..,..,..,32.50,29.60,24.20,21.00,18.50,13.70,12.40,11.50,9.70,9.70,9.40,7.90,8.10
Uzbekistan,..,..,..,..,..,..,..,..,..,..,..,..,..,..,..,..,..,..,..,..,..,..,15.00,14.10,..,..,..,..,..
Vanuatu,..,..,..,..,..,..,..,..,..,..,..,..,..,..,..,..,..,..,..,..,12.70,..,..,..,..,..,..,..,..
"Venezuela, RB",..,..,..,..,..,..,..,55.60,49.00,42.80,41.60,31.10,41.10,54.00,53.10,42.40,33.10,27.50,27.70,26.40,26.80,27.40,27.20,29.40,29.50,33.10,..,..,..
Vietnam,..,..,..,..,..,..,..,..,..,..,..,..,..,..,..,..,..,..,..,..,20.70,..,17.20,..,13.50,..,9.80,..,6.70
Virgin Islands (U.S.),..,..,..,..,..,..,..,..,..,..,..,..,..,..,..,..,..,..,..,..,..,..,..,..,..,..,..,..,..
West Bank and Gaza,..,..,..,..,..,..,..,..,..,..,..,..,..,..,25.90,24.30,24.00,31.20,22.60,22.60,25.70,25.80,..,..,..,..,29.20,..,..
"Yemen, Rep.",..,..,..,..,..,..,..,..,..,..,..,..,..,..,..,34.80,..,..,..,..,..,..,..,..,48.60,..,..,..,..
Zambia,..,..,..,..,..,..,..,..,..,..,..,..,..,..,..,..,..,..,..,..,54.70,..,..,..,..,54.40,..,..,..
Zimbabwe,..,..,..,..,..,..,..,..,..,..,..,70.90,..,..,..,..,..,..,..,..,..,72.30,..,..,..,..,..,70.00,..
